"",vandal,Yeaman1234577,"{{Selfref|For spam on Wikipedia, see [[Wikipedia:Spam]] and [[Wikipedia:WikiProject Spam]]}}
{{Wiktionary|SPAM|Spam|spam|spammy}}
'''Spam''' or '''SPAM''' may refer to:
* [[Spam (food)]], a canned pork meat product
<!-- most likely -->
* [[Spamming]], unsolicited or undesired electronic messages
** [[Email spam]], unsolicited, undesired, or illegal email messages
** [[Messaging spam]], spam targeting users of instant messaging (IM) services, sms or private messages within websites
Only gypsy boys eat

== Art and entertainment ==
* [[Spam (gaming)]], the repetition of an in-game action
* [[Spam (Monty Python)|\"Spam\" (Monty Python)]], a comedy sketch
* \"Spam\", a song on the album ''[[It Means Everything]]'' (1997), by Save Ferris
* \"Spam\", a song by \"Weird Al\" Yankovic on the album ''[[UHF – Original Motion Picture Soundtrack and Other Stuff]]''
* [[Spam Museum]], a museum in Austin, Minnesota, US dedicated to the canned pork meat product

== Other uses ==
* Smooth-particle applied mechanics, the use of [[smoothed-particle hydrodynamics]] computation to study impact fractures in solids
* SPAM, a [[Bacterial phyla#Uncultivated Phyla and metagenomics|candidate phylum of bacteria]]

== See also ==
* {{In title|Spam}}

{{disambiguation}}","{{Selfref|For spam on Wikipedia, see [[Wikipedia:Spam]] and [[Wikipedia:WikiProject Spam]]}}
{{Wiktionary|SPAM|Spam|spam|spammy}}
'''Spam''' or '''SPAM''' may refer to:
* [[Spam (food)]], a canned pork meat product
<!-- most likely -->
* [[Spamming]], unsolicited or undesired electronic messages
** [[Email spam]], unsolicited, undesired, or illegal email messages
** [[Messaging spam]], spam targeting users of instant messaging (IM) services, sms or private messages within websites

== Art and entertainment ==
* [[Spam (gaming)]], the repetition of an in-game action
* [[Spam (Monty Python)|\"Spam\" (Monty Python)]], a comedy sketch
* \"Spam\", a song on the album ''[[It Means Everything]]'' (1997), by Save Ferris
* \"Spam\", a song by \"Weird Al\" Yankovic on the album ''[[UHF – Original Motion Picture Soundtrack and Other Stuff]]''
* [[Spam Museum]], a museum in Austin, Minnesota, US dedicated to the canned pork meat product

== Other uses ==
* Smooth-particle applied mechanics, the use of [[smoothed-particle hydrodynamics]] computation to study impact fractures in solids
* SPAM, a [[Bacterial phyla#Uncultivated Phyla and metagenomics|candidate phylum of bacteria]]

== See also ==
* {{In title|Spam}}

{{disambiguation}}",Spam,//en.wikipedia.org/wiki/Spam
"",safe,HełmPolski,"{{Coord|50|20|18|N|18|54|39|E|display=title}} 
[[File:Szyb krystyna w Bytomiu ewa zielińska.JPG|thumbnail|Krystyna winding tower at night]]
'''Szombierki Coal Mine''' is a former [[coal mine]] in [[Szombierki]], [[Bytom]], [[Poland]]. It was created in 1870 from several smaller coal fields. From mid-1990s it begun to be retired.

In 2004 its [[winding tower]] \"Krystyna\" (formerly Kaiser Wilhelm) was added to the [[Polish register of monuments]].<ref>Śląski Wojewódzki Konserwator Zabytków: [http://www.wkz.katowice.pl/documents/rejestr_zabytkow/gmina_bytom.doc Rejestr zabytków w Bytomiu]</ref>

During a 2009 vote the tower was voted as one of the \"Seven Architectural Wonders of the [[Silesian Voivodeship]].\"<ref>{{cite web|url=http://slaskie.pl/strona_n.php?jezyk=pl&grupa=10&art=3515&id_menu |title=Znamy 7 cudów architektury województwa śląskiego |publisher=Slaskie.pl |date=2009-10-09 |accessdate=2014-03-07}}</ref>

==References==
{{reflist}}

{{Poland-struct-stub}}

[[Category:Buildings and structures in Bytom]]
[[Category:Szombierki]]
[[Category:Coal mines in Silesian Voivodeship]]
[[Category:1870 establishments in Prussia]]
[[Category:Tourist attractions in Silesian Voivodeship]]","{{Coord|50|20|18|N|18|54|39|E|display=title}} 
[[File:Szyb krystyna w Bytomiu ewa zielińska.JPG|thumbnail|Krystyna winding tower at night]]
'''Szombierki Coal Mine''' is a former [[coal mine]] in [[Szombierki]], [[Bytom]], [[Poland]]. It was created in 1870 from several smaller coal fields. From mid-1990s it begun to be retired.

In 2004 its [[winding tower]] \"Krystyna\" (formerly Kaiser Wilhelm) was added to the [[Polish register of monuments]].<ref>Śląski Wojewódzki Konserwator Zabytków: [http://www.wkz.katowice.pl/documents/rejestr_zabytkow/gmina_bytom.doc Rejestr zabytków w Bytomiu]</ref>

During a 2009 vote the tower was voted as one of the \"Seven Architectural Wonders of the [[Silesian Voivodeship]].\"<ref>{{cite web|url=http://slaskie.pl/strona_n.php?jezyk=pl&grupa=10&art=3515&id_menu |title=Znamy 7 cudów architektury województwa śląskiego |publisher=Slaskie.pl |date=2009-10-09 |accessdate=2014-03-07}}</ref>

==References==
{{reflist}}

{{Poland-struct-stub}}

[[Category:Buildings and structures in Bytom]]
[[Category:Coal mines in Silesian Voivodeship]]
[[Category:1870 establishments in Prussia]]
[[Category:Tourist attractions in Silesian Voivodeship]]",Szombierki Coal Mine,//en.wikipedia.org/wiki/Szombierki_Coal_Mine
"",safe,Lugnuts,"{{short description|American cross-country skier}}
{{Use mdy dates|date=April 2020}}
{{Infobox speed skater
| name           = Twila Hinkle
| full_name      = 
| image          = 
| caption        = 
| nationality    = American
| sport          = [[Cross-country skiing]]
| birth_date     = {{birth date and age|1954|11|9}}
| birth_place    = [[Denver]], Colorado, United States
| death_date     = 
| death_place    = 
}}

'''Twila Hinkle''' (born November 9, 1954) is an American [[Cross-country skiing|cross-country skier]]. She competed in [[Cross-country skiing at the 1976 Winter Olympics|two events]] at the [[1976 Winter Olympics]].<ref name=\"SportsRef\">{{cite Sports-Reference |url=https://www.sports-reference.com/olympics/athletes/hi/twila-hinkle-1.html |title=Twila Hinkle Olympic Results |accessdate=February 10, 2018}}</ref>

==References==
{{reflist}}

{{Authority control}}

{{DEFAULTSORT:Hinkle, Twila}}
[[Category:1954 births]]
[[Category:Living people]]
[[Category:American female cross-country skiers]]
[[Category:Olympic cross-country skiers of the United States]]
[[Category:Cross-country skiers at the 1976 Winter Olympics]]
[[Category:Sportspeople from Denver]]
{{US-crosscountry-skiing-bio-stub}}","{{short description|American cross-country skier}}
{{Use mdy dates|date=February 2018}}
{{Infobox speed skater
| name           = Twila Hinkle
| full_name      = 
| image          = 
| caption        = 
| nationality    = American
| sport          = [[Cross-country skiing]]
| birth_date     = {{birth date and age|1954|11|9}}
| birth_place    = [[Denver]], Colorado, United States
| death_date     = 
| death_place    = 
}}

'''Twila Hinkle''' (born November 9, 1954) is an American [[Cross-country skiing|cross-country skier]]. She competed in [[Cross-country skiing at the 1976 Winter Olympics|two events]] at the [[1976 Winter Olympics]].<ref name=\"SportsRef\">{{cite Sports-Reference |url=https://www.sports-reference.com/olympics/athletes/hi/twila-hinkle-1.html |title=Twila Hinkle Olympic Results |accessdate=February 10, 2018}}</ref>

==References==
{{reflist}}

{{Authority control}}

{{DEFAULTSORT:Hinkle, Twila}}
[[Category:1954 births]]
[[Category:Living people]]
[[Category:American female cross-country skiers]]
[[Category:Olympic cross-country skiers of the United States]]
[[Category:Cross-country skiers at the 1976 Winter Olympics]]
[[Category:Sportspeople from Denver]]
{{US-crosscountry-skiing-bio-stub}}",Twila Hinkle,//en.wikipedia.org/wiki/Twila_Hinkle
"",safe,Lugnuts,"{{short description|Russian bobsledder}}
{{for|the Russian basketball player|Yuri Selikhov}}
{{Use dmy dates|date=April 2020}}
{{Infobox sportsperson
| name           = Yury Selikhov
| full_name      = 
| image          = 
| caption        = 
| nationality    = Russian
| sport          = [[Bobsleigh]]
| birth_date     = {{birth date and age|1986|5|19|df=yes}}
| birth_place    = 
| death_date     = 
| death_place    = 
}}

'''Yury Selikhov''' (born 19 May 1986) is a Russian [[Bobsleigh|bobsledder]]. He competed in the [[Bobsleigh at the 2018 Winter Olympics – Two-man|two-man event]] at the [[2018 Winter Olympics]].<ref name=\"bio\">{{cite web |url=https://www.pyeongchang2018.com/en/game-time/results/OWG2018/en/bobsleigh/athlete-profile-n3036190-yury-selikhov.htm |title=Yury Selikhov |work=Pyeongchang 2018 |accessdate=17 February 2018}}</ref>

==References==
{{reflist}}

{{Authority control}}

{{DEFAULTSORT:Selikhov, Yury}}
[[Category:1986 births]]
[[Category:Living people]]
[[Category:Russian male bobsledders]]
[[Category:Olympic bobsledders of Russia]]
[[Category:Bobsledders at the 2018 Winter Olympics]]
[[Category:Place of birth missing (living people)]]
{{Russia-bobsleigh-bio-stub}}","{{short description|Russian bobsledder}}
{{for|the Russian basketball player|Yuri Selikhov}}
{{Use dmy dates|date=February 2018}}
{{Infobox sportsperson
| name           = Yury Selikhov
| full_name      = 
| image          = 
| caption        = 
| nationality    = Russian
| sport          = [[Bobsleigh]]
| birth_date     = {{birth date and age|1986|5|19|df=yes}}
| birth_place    = 
| death_date     = 
| death_place    = 
}}

'''Yury Selikhov''' (born 19 May 1986) is a Russian [[Bobsleigh|bobsledder]]. He competed in the [[Bobsleigh at the 2018 Winter Olympics – Two-man|two-man event]] at the [[2018 Winter Olympics]].<ref name=\"bio\">{{cite web |url=https://www.pyeongchang2018.com/en/game-time/results/OWG2018/en/bobsleigh/athlete-profile-n3036190-yury-selikhov.htm |title=Yury Selikhov |work=Pyeongchang 2018 |accessdate=17 February 2018}}</ref>

==References==
{{reflist}}

{{Authority control}}

{{DEFAULTSORT:Selikhov, Yury}}
[[Category:1986 births]]
[[Category:Living people]]
[[Category:Russian male bobsledders]]
[[Category:Olympic bobsledders of Russia]]
[[Category:Bobsledders at the 2018 Winter Olympics]]
[[Category:Place of birth missing (living people)]]
{{Russia-bobsleigh-bio-stub}}",Yury Selikhov,//en.wikipedia.org/wiki/Yury_Selikhov
both spellings seem to be used by sources - fixingdisallowed DISPLAYTITLE modifications,safe,Bdijkstra,"{{MedalTableTop|medals=
{{MedalSport|Women's [[whitewater slalom|canoe slalom]]}}
{{MedalCountry| {{TCH}}}}
{{MedalCompetition|[[ICF Canoe Slalom World Championships|World Championships]]}}
{{MedalBronze|[[1983 ICF Canoe Slalom World Championships|1983 Meran]]|K-1 team}}
}}

'''Eva Stavařová''' is a former [[Czechoslovakia|Czechoslovak]] [[whitewater slalom|slalom canoeist]] who competed in the 1980s. She won a bronze medal in the K-1 team event at the [[1983 ICF Canoe Slalom World Championships]] in [[Meran]].<ref>{{cite web|title=Overview of athlete's results|website=CanoeSlalom.net|url=http://www.canoeslalom.net/int/index/index_83.html#1679|accessdate=12 January 2014|archive-url=https://web.archive.org/web/20140502035735/http://www.canoeslalom.net/int/index/index_83.html#1679|archive-date=2 May 2014|url-status=dead}}</ref>

==References==
{{reflist}}

{{DEFAULTSORT:Stavarova, Eva}}
[[Category:Czechoslovak female canoeists]]
[[Category:Living people]]
[[Category:Year of birth missing (living people)]]
[[Category:Medalists at the ICF Canoe Slalom World Championships]]


{{CzechRepublic-canoe-bio-stub}}","{{DISPLAYTITLE:Eva Stavarová}}
{{MedalTableTop|medals=
{{MedalSport|Women's [[whitewater slalom|canoe slalom]]}}
{{MedalCountry| {{TCH}}}}
{{MedalCompetition|[[ICF Canoe Slalom World Championships|World Championships]]}}
{{MedalBronze|[[1983 ICF Canoe Slalom World Championships|1983 Meran]]|K-1 team}}
}}

'''Eva Stavarová''' is a former [[Czechoslovakia|Czechoslovak]] [[whitewater slalom|slalom canoeist]] who competed in the 1980s. She won a bronze medal in the K-1 team event at the [[1983 ICF Canoe Slalom World Championships]] in [[Meran]].<ref>{{cite web|title=Overview of athlete's results|website=CanoeSlalom.net|url=http://www.canoeslalom.net/int/index/index_83.html#1679|accessdate=12 January 2014|archive-url=https://web.archive.org/web/20140502035735/http://www.canoeslalom.net/int/index/index_83.html#1679|archive-date=2 May 2014|url-status=dead}}</ref>

==References==
{{reflist}}

{{DEFAULTSORT:Stavarova, Eva}}
[[Category:Czechoslovak female canoeists]]
[[Category:Living people]]
[[Category:Year of birth missing (living people)]]
[[Category:Medalists at the ICF Canoe Slalom World Championships]]


{{CzechRepublic-canoe-bio-stub}}",Eva Stavařová,//en.wikipedia.org/wiki/Eva_Stava%C5%99ov%C3%A1
→‎References:add authority control,safe,Ser Amantio di Nicolao,"'''Cornelius Arnold''' (1711-1757?), was a poetical writer.

Arnold was born 13 March 1711, and entered [[Merchant Taylors' School, Northwood|Merchant Taylors' School]] in 1723. The statement that he became one of the ushers in the school is incorrect. In the latter part of his life he was [[beadle]] to the [[Worshipful Company of Distillers]].

His works are:
*'Distress, a poetical essay,' dedicated to [[John Robartes, 4th Earl of Radnor]], London [1750?], 4to.
* 'Commerce, a poem,' 2nd edit. London, 1751, 4to.
*'The Mirror. A Poetical Essay in the manner of Spenser,' dedicated to David Garrick, London, 1755, 4to.
* 'Osman,' a tragedy. In a volume of poems published in 1757.

==References==
{{reflist}}
{{one source|date=May 2014}}
{{Cite DNB|wstitle=Arnold, Cornelius}}
{{Use dmy dates|date=June 2011}}


{{authority control}}

{{DEFAULTSORT:Arnold, Cornelius}}
[[Category:1711 births]]
[[Category:1750s deaths]]
[[Category:People educated at Merchant Taylors' School, Northwood]]
[[Category:Year of death uncertain]]
[[Category:18th-century English poets]]
[[Category:English male poets]]
[[Category:18th-century male writers]]


{{England-poet-stub}}","'''Cornelius Arnold''' (1711-1757?), was a poetical writer.

Arnold was born 13 March 1711, and entered [[Merchant Taylors' School, Northwood|Merchant Taylors' School]] in 1723. The statement that he became one of the ushers in the school is incorrect. In the latter part of his life he was [[beadle]] to the [[Worshipful Company of Distillers]].

His works are:
*'Distress, a poetical essay,' dedicated to [[John Robartes, 4th Earl of Radnor]], London [1750?], 4to.
* 'Commerce, a poem,' 2nd edit. London, 1751, 4to.
*'The Mirror. A Poetical Essay in the manner of Spenser,' dedicated to David Garrick, London, 1755, 4to.
* 'Osman,' a tragedy. In a volume of poems published in 1757.

==References==
{{reflist}}
{{one source|date=May 2014}}
{{Cite DNB|wstitle=Arnold, Cornelius}}
{{Use dmy dates|date=June 2011}}

{{DEFAULTSORT:Arnold, Cornelius}}
[[Category:1711 births]]
[[Category:1750s deaths]]
[[Category:People educated at Merchant Taylors' School, Northwood]]
[[Category:Year of death uncertain]]
[[Category:18th-century English poets]]
[[Category:English male poets]]
[[Category:18th-century male writers]]


{{England-poet-stub}}",Cornelius Arnold,//en.wikipedia.org/wiki/Cornelius_Arnold
→‎References:add authority control,safe,Ser Amantio di Nicolao,"'''Dan Cordtz''' (May 1, 1927 – May 4, 2019) was an economics correspondent for [[ABC News]] from 1974 to 1989.<ref>{{Cite web|url=https://adweek.it/2vFydeu|title=Former ABC News Business Reporter Dan Cordtz Passes Away At Age 92|website=adweek.it}}</ref>  He also worked for ''[[The Wall Street Journal]]'' and ''[[Financial World]]''.<ref>{{Cite web|url=https://www.citynews1130.com/2019/05/04/former-abc-news-economics-editor-dan-cordtz-92-dies/|title=Former ABC News economics editor Dan Cordtz 92, dies|website=www.citynews1130.com}}</ref>

He died from cancer on May 4, 2019, at the age of 92.<ref>{{cite news |title=Former ABC News economics correspondent Dan Cordtz, 92, dies |url=https://apnews.com/953d334a939b49fd81fd409ef35e76eb |accessdate=17 May 2019 |publisher=Associated Press |date=May 4, 2019}}</ref>

==References==
<references />


{{authority control}}

{{DEFAULTSORT:Corditz, Dan}}
[[Category:1927 births]]
[[Category:2019 deaths]]
[[Category:ABC News]]
[[Category:People from Santa Fe, New Mexico]]
[[Category:The Wall Street Journal]]
[[Category:American male journalists]]
[[Category:Deaths from cancer]]


{{US-journalist-stub}}","'''Dan Cordtz''' (May 1, 1927 – May 4, 2019) was an economics correspondent for [[ABC News]] from 1974 to 1989.<ref>{{Cite web|url=https://adweek.it/2vFydeu|title=Former ABC News Business Reporter Dan Cordtz Passes Away At Age 92|website=adweek.it}}</ref>  He also worked for ''[[The Wall Street Journal]]'' and ''[[Financial World]]''.<ref>{{Cite web|url=https://www.citynews1130.com/2019/05/04/former-abc-news-economics-editor-dan-cordtz-92-dies/|title=Former ABC News economics editor Dan Cordtz 92, dies|website=www.citynews1130.com}}</ref>

He died from cancer on May 4, 2019, at the age of 92.<ref>{{cite news |title=Former ABC News economics correspondent Dan Cordtz, 92, dies |url=https://apnews.com/953d334a939b49fd81fd409ef35e76eb |accessdate=17 May 2019 |publisher=Associated Press |date=May 4, 2019}}</ref>

==References==
<references />

{{DEFAULTSORT:Corditz, Dan}}
[[Category:1927 births]]
[[Category:2019 deaths]]
[[Category:ABC News]]
[[Category:People from Santa Fe, New Mexico]]
[[Category:The Wall Street Journal]]
[[Category:American male journalists]]
[[Category:Deaths from cancer]]


{{US-journalist-stub}}",Dan Cordtz,//en.wikipedia.org/wiki/Dan_Cordtz
fixing my typo,safe,Jmertel23,"{{short description|medieval ruins in Budapest, Hungary}}
{{use dmy dates|date=April 2020}}
The '''Tabán ruins''' ({{lang-hu|tabáni romok}}) are a group of medieval ruins in [[Budapest]], [[Hungary]]. They are located in [[Várkerület|District I]], in the [[Tabán]] neighbourhood, between Szarvas tér and Krisztina körút. The scattered ruins officially belong to one listed monument (ID 67).<ref>{{Cite web|url=https://muemlekem.hu/muemlek/show/67|title=Középkori romok, Budapest 1|website=muemlekem.hu}}</ref> The remains of the mainly medieval structures were discovered in 1936 by archaeologists after the demolition of a large part of the densely built Tabán quarter but significant parts of them disappeared in the 1960s when the whole area was rebuilt. A 15th-century building, named building no. I., and the retaining wall of the Ördög-árok stream are still visible above ground.

== References ==
{{commons category|Tabán ruins}}
{{Reflist}}

[[Category:Buildings and structures in Budapest]]
[[Category:Várkerület]]
[[Category:Ruins in Hungary]]


{{Hungary-struct-stub}}","{{short description|medieval ruins in Budapest, Hungary}}
{{use dmy dates|date=April 2020
The '''Tabán ruins''' ({{lang-hu|tabáni romok}}) are a group of medieval ruins in [[Budapest]], [[Hungary]]. They are located in [[Várkerület|District I]], in the [[Tabán]] neighbourhood, between Szarvas tér and Krisztina körút. The scattered ruins officially belong to one listed monument (ID 67).<ref>{{Cite web|url=https://muemlekem.hu/muemlek/show/67|title=Középkori romok, Budapest 1|website=muemlekem.hu}}</ref> The remains of the mainly medieval structures were discovered in 1936 by archaeologists after the demolition of a large part of the densely built Tabán quarter but significant parts of them disappeared in the 1960s when the whole area was rebuilt. A 15th-century building, named building no. I., and the retaining wall of the Ördög-árok stream are still visible above ground.

== References ==
{{commons category|Tabán ruins}}
{{Reflist}}

[[Category:Buildings and structures in Budapest]]
[[Category:Várkerület]]
[[Category:Ruins in Hungary]]


{{Hungary-struct-stub}}",Tabán ruins,//en.wikipedia.org/wiki/Tab%C3%A1n_ruins
"",safe,Markussep,"{{Infobox German location
|image_photo       = 
|image_coa            = Wappen von Großvargula.png
|coordinates       = {{coord|51|7|0|N|10|46|59|E|format=dms|display=inline,title}}
|image_plan          = Großvargula in UH.png
|state        = Thüringen
|district         = Unstrut-Hainich-Kreis
|elevation              = 166
|area            = 15.19
|population         = 769
|Stand             = 2006-12-31
|postal_code               = 99958
|area_code           = 036042
|licence               = UH
|Gemeindeschlüssel = 16 0 64 019
|website           = [http://www.grossvargula.de/ www.grossvargula.de]
|mayor     = Monika Schmidt
|party            = 
}}
'''Großvargula''' is a [[Municipalities in Germany|municipality]] in the [[Unstrut-Hainich-Kreis]] [[Districts of Germany|district]] of [[Thuringia]], [[Germany]].

{{Cities and towns in Unstrut-Hainich (district)}}

==References==
{{Reflist}}

{{Authority control}}

{{DEFAULTSORT:Grossvargula}}
[[Category:Unstrut-Hainich-Kreis]]
[[Category:Province of Saxony]]
[[Category:Bezirk Erfurt]]


{{UnstrutHainich-geo-stub}}","{{Infobox German location
|image_photo       = 
|image_coa            = Wappen von Großvargula.png
|coordinates       = {{coord|51|7|0|N|10|46|59|E|format=dms|display=inline,title}}
|image_plan          = Großvargula in UH.png
|state        = Thüringen
|district         = Unstrut-Hainich-Kreis
|erfüllende Gemeinde= Herbsleben
|elevation              = 166
|area            = 15.19
|population         = 769
|Stand             = 2006-12-31
|postal_code               = 99958
|area_code           = 036042
|licence               = UH
|Gemeindeschlüssel = 16 0 64 019
|Straße            = Markt 80
|website           = [http://www.grossvargula.de/ www.grossvargula.de]
|mayor     = Monika Schmidt
|party            = 
}}
'''Großvargula''' is a [[Municipalities in Germany|municipality]] in the [[Unstrut-Hainich-Kreis]] [[Districts of Germany|district]] of [[Thuringia]], [[Germany]].

{{Cities and towns in Unstrut-Hainich (district)}}

==References==
{{Reflist}}

{{Authority control}}

{{DEFAULTSORT:Grossvargula}}
[[Category:Unstrut-Hainich-Kreis]]
[[Category:Province of Saxony]]
[[Category:Bezirk Erfurt]]


{{UnstrutHainich-geo-stub}}",Großvargula,//en.wikipedia.org/wiki/Gro%C3%9Fvargula
"→‎Totem:In the second sentence I changed \"them\" to Aduana. I added a space between the period of the third sentence and the first word of the fourth sentence. In the last sentence I deleted an extra space and added a period.",safe,Coolbreeze811,"{{Short description|One of the seven major Akan clans}}
{{Multiple issues|
{{Underlinked|date=March 2020}}
{{Verify|date=April 2020}}
{{Copy edit|date=April 2020}}
}}
{{Other uses}}

'''Aduana''' is one of the seven major [[Akan people|Akan]] [[Clan|clans]] of [[Ghana]]. It is also said that it is the largest clan in terms of population.

==Origin==

{{Empty section|date=June 2015}}
'''Bold text'''
==[[Totem]]==
The [[totem]] of the Aduana clan is a [[Dog|dog.]] It is believed that a dog led the Aduana in their [[Human migration|migration]] process, and this dog lit the path to their settlement with fire in its mouth. It is also believed that this fire is still at the palace of the clan's major town. Many totems include a wold bear eagle owl and a fox.<ref>{{Cite web|title = twi.bb - Online Twi Dictionary - The Akan People - Abusua|url = http://www.twi.bb/akan-abusua.php|website = www.twi.bb|accessdate = 2015-06-16}}</ref>

==References==
{{reflist}}

{{Authority control}}

[[Category:Ghanaian culture]]
[[Category:Akan culture]]","{{Short description|One of the seven major Akan clans}}
{{Multiple issues|
{{Underlinked|date=March 2020}}
{{Verify|date=April 2020}}
{{Copy edit|date=April 2020}}
}}
{{Other uses}}

'''Aduana''' is one of the seven major [[Akan people|Akan]] [[Clan|clans]] of [[Ghana]]. It is also said that it is the largest clan in terms of population.

==Origin==

{{Empty section|date=June 2015}}
'''Bold text'''
==[[Totem]]==
The [[totem]] of the Aduana clan is a [[Dog|dog.]] It is believed that a dog led them in their [[Human migration|migration]] process, and this dog lit the path to their settlement with fire in its mouth. It is also believed that this fire is still at the palace of the clan's major town.Many totems include a wold bear eagle  owl and a fox<ref>{{Cite web|title = twi.bb - Online Twi Dictionary - The Akan People - Abusua|url = http://www.twi.bb/akan-abusua.php|website = www.twi.bb|accessdate = 2015-06-16}}</ref>

==References==
{{reflist}}

{{Authority control}}

[[Category:Ghanaian culture]]
[[Category:Akan culture]]",Aduana,//en.wikipedia.org/wiki/Aduana
add authority control,safe,Ser Amantio di Nicolao,"'''Dewayne L. Blackwell''' (born September 17, 1936)<ref>''U.S. Public Records Index'' Vol 1 (Provo, UT: Ancestry.com Operations, Inc.), 2010.</ref> is an [[United States|American]] songwriter active since the 1950s.<ref name=\"Sgammato2000\">{{cite book|last=Sgammato|first=Jo|title=American Thunder: The Garth Brooks Story|url=https://books.google.com/books?id=czUr32l5PDsC|accessdate=10 April 2012|date=2000-05-01|publisher=Random House|isbn=9780345439505|pages=53–}}</ref> His songs include \"[[Mr. Blue]]\", a 1959 hit for [[the Fleetwoods]]; \"[[I'm Gonna Hire a Wino to Decorate Our Home]]\", a 1982 hit for [[David Frizzell]]; and \"[[Friends in Low Places]]\", a 1990 hit for [[Garth Brooks]]. His songs have been recorded by [[the Everly Brothers]], [[Roy Orbison]] and [[Bobby Vinton]].

More recently he has written songs for movie soundtracks.{{citation needed|date=April 2012}} He now lives in [[Rosarito]], Mexico.

== Footnotes ==
{{Reflist}}


{{authority control}}

{{DEFAULTSORT:Blackwell, Dewayne}}
[[Category:1939 births]]
[[Category:American male songwriters]]
[[Category:Living people]]


{{Songwriter-stub}}","'''Dewayne L. Blackwell''' (born September 17, 1936)<ref>''U.S. Public Records Index'' Vol 1 (Provo, UT: Ancestry.com Operations, Inc.), 2010.</ref> is an [[United States|American]] songwriter active since the 1950s.<ref name=\"Sgammato2000\">{{cite book|last=Sgammato|first=Jo|title=American Thunder: The Garth Brooks Story|url=https://books.google.com/books?id=czUr32l5PDsC|accessdate=10 April 2012|date=2000-05-01|publisher=Random House|isbn=9780345439505|pages=53–}}</ref> His songs include \"[[Mr. Blue]]\", a 1959 hit for [[the Fleetwoods]]; \"[[I'm Gonna Hire a Wino to Decorate Our Home]]\", a 1982 hit for [[David Frizzell]]; and \"[[Friends in Low Places]]\", a 1990 hit for [[Garth Brooks]]. His songs have been recorded by [[the Everly Brothers]], [[Roy Orbison]] and [[Bobby Vinton]]. 

More recently he has written songs for movie soundtracks.{{citation needed|date=April 2012}} He now lives in [[Rosarito]], Mexico.

== Footnotes ==
{{Reflist}}

{{DEFAULTSORT:Blackwell, Dewayne}}
[[Category:1939 births]]
[[Category:American male songwriters]]
[[Category:Living people]]


{{Songwriter-stub}}",Dewayne Blackwell,//en.wikipedia.org/wiki/Dewayne_Blackwell
"",safe,Anthrax10,"{{Primary sources|date=March 2011}}

{{Use British English|date=October 2017}}
{{Use dmy dates|date=October 2017}}
{{Infobox organization
|name           = Society of Chinese Medical Practitioners UK
|formation      = 2014
|headquarters = 120 Baker Street, London, W1U 6TU
|website        = http://www.scmp-uk.org
}}

'''Society of Chinese Medical Practitioners UK''' ('''SCMP-UK'''), '''英国华人医师学会'''，is a [[not for profit]] [[professional association]] for practising [[Doctor (title)|doctors]] with Chinese origin in the [[United Kingdom]] founded in 2014.<ref>{{cite web|url=http://scmp-uk.org/scmp-uk/|title=SCMP-UK}}</ref> It was incorporated as a [[company limited by guarantee]] in [[England]] and [[Wales]] with a registered office in [[London]] in 2020.<ref>{{cite web|url=https://beta.companieshouse.gov.uk/company/12533897|title= Companies House}}</ref>

== References ==
{{Reflist}}

== External links ==
* [http://www.scmp-uk.org/ Society of Chinese Medical Practitioners UK]



[[Category:Medical professional networks]]","{{Primary sources|date=March 2011}}

{{Use British English|date=October 2017}}
{{Use dmy dates|date=October 2017}}
{{Infobox organization
|name           = Society of Chinese Medical Practitioners UK
|formation      = 2014
|headquarters = 120 Baker Street, London, W1U 6TU
|website        = http://www.scmp-uk.org
}}

'''Society of Chinese Medical Practitioners UK''' ('''SCMP-UK'''), '''英国华人医师学会'''，is a [[not for profit]] [[professional association]] for practising [[Doctor (title)|doctors]] with Chinese origin in the [[United Kingdom]] founded in 2014.<ref>{{cite web|url=http://scmp-uk.org/scmp-uk/|title=SCMP-UK}}</ref> It was incorporated as a [[company limited by guarantee]] in [[England]] and [[Wales]] with a registered office in [[London]] in 2020.<ref>{{cite web|url=https://beta.companieshouse.gov.uk/company/12533897|title= Companies House|website=beta.companieshouse.gov.uk}}</ref>

== References ==
{{Reflist}}

== External links ==
* [http://www.scmp-uk.org/ Society of Chinese Medical Practitioners UK]



[[Category:Medical professional networks]]",Society of Chinese Medical Practitioners UK,//en.wikipedia.org/wiki/Society_of_Chinese_Medical_Practitioners_UK
links,safe,Tom Radulovich,"{{Use dmy dates|date=November 2019}}
{{Unreferenced|date=December 2009}}
'''Mutasa North''' is a constituency of [[Zimbabwe]]. It belongs to the province of [[Manicaland]]. Mutasa North Constituency in Manicaland Province. It is home to [[Honde Valley]], Zindi, [[Hauna]] Business Centre and Green Valley. It is known for its rich soils and apple production. Majority of the residence find employment in the vast plantations. Mutasa North has a mixed and fair infrastructure development.

==Demographic characteristics==
The constituency has 29,627 registered voters according to the 2008 ZEC Delimitation Report.

==Election results==
In the 2005 general election the candidate of the [[Zanu PF]] was declared the winner, with an overall majority. This was in contrast to the fact that the candidate of the MDC polled an overall majority. {{Citation needed|date=February 2007}}

In 2008 [[David Anthony Chimhini]] of MDC-T won against Major General Michael Nyambuya.

{{Parliamentary constituencies in Manicaland}}

{{Coord missing|Zimbabwe}}

[[Category:Parliamentary constituencies in Zimbabwe]]


{{Zimbabwe-geo-stub}}","{{Use dmy dates|date=November 2019}}
{{Unreferenced|date=December 2009}}
'''Mutasa North''' is a constituency of [[Zimbabwe]]. It belongs to the province of [[Manicaland]]. Mutasa North Constituency in Manicaland Province. It is home to Honde Valley, Zindi, Hauna Business Centre and Green Valley. It is known for its rich soils and apple production. Majority of the residence find employment in the vast plantations. Mutasa North has a mixed and fair infrastructure development.

==Demographic characteristics==
The constituency has 29,627 registered voters according to the 2008 ZEC Delimitation Report.

==Election results==
In the 2005 general election the candidate of the [[Zanu PF]] was declared the winner, with an overall majority. This was in contrast to the fact that the candidate of the MDC polled an overall majority. {{Citation needed|date=February 2007}}

In 2008 [[David Anthony Chimhini]] of MDC-T won against Major General Michael Nyambuya.

{{Parliamentary constituencies in Manicaland}}

{{Coord missing|Zimbabwe}}

[[Category:Parliamentary constituencies in Zimbabwe]]


{{Zimbabwe-geo-stub}}",Mutasa North,//en.wikipedia.org/wiki/Mutasa_North
"",safe,Norse246,"{{short description|Norwegian hybrid powered cruise ship}}
'''MS Fridtjof Nansen''' is a new near Identical Twin to [[MS Roald Amundsen]], a Hybrid Powered Ship built by [[Kleven Verft|Kleven Yards Ulsteinvik]] for [[Hurtigruten AS|Hurtigruten]]. She Serves as an Expedition Ship, and is in the [[Polar Class|PC6 Polar Class]], with a strengthened Hull for the icy conditions She's meant to traverse trough.

[[File:MS Fridtjof Nansen.png|thumb|MS Fridtjof Nansen at the port of Trondheim, Norway.]]

== References ==
{{reflist}}

https://global.hurtigruten.com/ships/ms-fridtjof-nansen/ - Info about the Vessel

https://www.cruisecritic.co.uk/reviews/review.cfm?ShipID=1298 - MS Fridtjof Nansen Overview

https://www.highnorthnews.com/en/two-new-expedition-ships-be-named-after-polar-heroes

==External links==
*[https://global.hurtigruten.com/ships/ms-fridtjof-nansen/ Hurtigruten ASA Official homepage - MS ''Fridtjof Nansen'']

{{DEFAULTSORT:Fridtjof Nansen, MS}}
[[Category:Passenger ships of Norway]]
[[Category:Hurtigruten]]
[[Category:2018 ships]]


{{cruise-ship-stub}}","{{short description|Norwegian hybrid powered cruise ship}}
'''MS Fridtjof Nansen''' is a new near Identical Twin to [[MS Roald Amundsen]], a Hybrid Powered Ship built by [[Kleven Verft|Kleven Yards Ulsteinvik]] for [[Hurtigruten]]. (Norwegian Coastal Express) She Serves as an Expedition Ship, and is in the [[Polar Class|PC6 Polar Class]], with a strengthened Hull for the icy conditions She's meant to traverse trough.

[[File:MS Fridtjof Nansen.png|thumb|MS Fridtjof Nansen at the port of Trondheim, Norway.]]

== References ==
{{reflist}}

https://global.hurtigruten.com/ships/ms-fridtjof-nansen/ - Info about the Vessel

https://www.cruisecritic.co.uk/reviews/review.cfm?ShipID=1298 - MS Fridtjof Nansen Overview

https://www.highnorthnews.com/en/two-new-expedition-ships-be-named-after-polar-heroes

==External links==
*[https://global.hurtigruten.com/ships/ms-fridtjof-nansen/ Hurtigruten ASA Official homepage - MS ''Fridtjof Nansen'']

{{DEFAULTSORT:Fridtjof Nansen, MS}}
[[Category:Passenger ships of Norway]]
[[Category:Hurtigruten]]
[[Category:2018 ships]]


{{cruise-ship-stub}}",MS Fridtjof Nansen,//en.wikipedia.org/wiki/MS_Fridtjof_Nansen
→‎References:add authority control,safe,Ser Amantio di Nicolao,"{{Use dmy dates|date=November 2019}}
'''Charles Barton''' (1768–1843) was an English legal writer. He was [[called to the bar]] at the [[Inner Temple]] in 1795, and practised as a [[conveyancer]]. He died at [[Cheltenham]] on 18 November 1843, aged 75.

==Works==
His principal publications are: 
* 'Historical Treatise of a Suit in Equity,' 1796. 
* 'Elements of Conveyancing,' 6 vols., 1802–5, 2nd ed. 1821-2. 
* 'Original Precedents in Conveyancing.' 5 vols., 1807–10. 
* 'Practical Dissertations on Conveyancing,' 1828.

==References==
{{reflist}}
*{{cite DNB|wstitle=Barton, Charles}}

;Attribution
{{DNB|wstitle=Barton, Charles}}
{{One source|date=January 2011}}


{{authority control}}

{{DEFAULTSORT:Barton, Charles}}
[[Category:1768 births]]
[[Category:1843 deaths]]
[[Category:Legal writers]]
[[Category:18th-century English people]]
[[Category:19th-century English people]]
[[Category:18th-century English writers]]
[[Category:18th-century male writers]]
[[Category:19th-century English writers]]


{{england-writer-stub}}","{{Use dmy dates|date=November 2019}}
'''Charles Barton''' (1768–1843) was an English legal writer. He was [[called to the bar]] at the [[Inner Temple]] in 1795, and practised as a [[conveyancer]]. He died at [[Cheltenham]] on 18 November 1843, aged 75.

==Works==
His principal publications are: 
* 'Historical Treatise of a Suit in Equity,' 1796. 
* 'Elements of Conveyancing,' 6 vols., 1802–5, 2nd ed. 1821-2. 
* 'Original Precedents in Conveyancing.' 5 vols., 1807–10. 
* 'Practical Dissertations on Conveyancing,' 1828.

==References==
{{reflist}}
*{{cite DNB|wstitle=Barton, Charles}}

;Attribution
{{DNB|wstitle=Barton, Charles}}
{{One source|date=January 2011}}

{{DEFAULTSORT:Barton, Charles}}
[[Category:1768 births]]
[[Category:1843 deaths]]
[[Category:Legal writers]]
[[Category:18th-century English people]]
[[Category:19th-century English people]]
[[Category:18th-century English writers]]
[[Category:18th-century male writers]]
[[Category:19th-century English writers]]

{{england-writer-stub}}",Charles Barton (legal writer),//en.wikipedia.org/wiki/Charles_Barton_(legal_writer)
category,safe,Lulanep,"'''Marisa Papen''' ([[Limburg]], 1992) is a Belgian [[actress]], [[model]] and [[influencer]].

== Life ==

After school, Marisa Papen studied [[marketing]]. In 2015 she started working as a model. It was photographed for [[Playboy]] in Germany (2017), Mexico (2019) and Portugal (2016). In 2016 he published a calendar in which he addressed the problem of plastic in the ocean. A year later, Marisa Papen made headlines all over the world when she was photographed naked in Egyptian temples. In this regard, she was arrested for taking nude photos, which is a punitive record in Egypt. Ever since their photographer deleted the photos before the arrest, the two have been released. In 2018, nude photos were taken in the Vatican and Jerusalem. A year later, she was also arrested for taking her burqa out inside the Hagia Sophia mosque and was also naked. Marisa Papen's goal is to desexualize the body.

== External Links==

* [http://www.marisapapen.com/stories/category/a-new-religion-called-love Homepage de Marisa Papen]
* [https://plastic-sushi.com/ Homepage of Plastic Sushi]

[[Category:1992 births]]","'''Marisa Papen''' ([[Limburg]], 1992) is a Belgian [[actress]], [[model]] and [[influencer]].

== Life ==

After school, Marisa Papen studied [[marketing]]. In 2015 she started working as a model. It was photographed for [[Playboy]] in Germany (2017), Mexico (2019) and Portugal (2016). In 2016 he published a calendar in which he addressed the problem of plastic in the ocean. A year later, Marisa Papen made headlines all over the world when she was photographed naked in Egyptian temples. In this regard, she was arrested for taking nude photos, which is a punitive record in Egypt. Ever since their photographer deleted the photos before the arrest, the two have been released. In 2018, nude photos were taken in the Vatican and Jerusalem. A year later, she was also arrested for taking her burqa out inside the Hagia Sophia mosque and was also naked. Marisa Papen's goal is to desexualize the body.

== External Links==

* [http://www.marisapapen.com/stories/category/a-new-religion-called-love Homepage de Marisa Papen]
* [https://plastic-sushi.com/ Homepage of Plastic Sushi]",Marisa Papen,//en.wikipedia.org/wiki/Marisa_Papen
(mahan),vandal,Xadrien Mahan,"'''Mahan''' is both a surname and a given name. Notable people with the name include:

==Surname==
* Mahan in Sanskrit and Indic languages denotes \"the Great\"

==Surname==
* [[Alfred Thayer Mahan]] (1840–1914), American officer, geostrategist, and naval historian
* [[Armand Mahan]] (born 1983), Ivorian professional football player
* [[Art Mahan]] (1913–2010), American baseball player
* [[Asa Mahan]] (1800–1889), first president of Oberlin College
* [[Dennis Hart Mahan]] (1802–1871), professor at the United States Military Academy and father of Alfred Thayer Mahan
* [[Eddie Mahan]] (1892–1975), American football player
* [[Hunter Mahan]] (1981–), American Professional Golfer
* [[Larry Mahan]] (1943-), eight time rodeo world champion
* [[Sean Mahan]] (1980–), American Professional Football Player
* [[William Dennes Mahan]] (1824–1906), Presbyterian minister and author of ''The Archko Volume''.
*John Mahan (2009-Present), A foster kid in Kansas, USA.

==Given name==
* [[Mahan Mitra]], Indian mathematician

{{given name|type=both}}","'''Mahan''' is both a surname and a given name. Notable people with the name include:

==Surname==
* Mahan in Sanskrit and Indic languages denotes \"the Great\"

==Surname==
* [[Alfred Thayer Mahan]] (1840–1914), American officer, geostrategist, and naval historian
* [[Armand Mahan]] (born 1983), Ivorian professional football player
* [[Art Mahan]] (1913–2010), American baseball player
* [[Asa Mahan]] (1800–1889), first president of Oberlin College
* [[Dennis Hart Mahan]] (1802–1871), professor at the United States Military Academy and father of Alfred Thayer Mahan
* [[Eddie Mahan]] (1892–1975), American football player
* [[Hunter Mahan]] (1981–), American Professional Golfer
* [[Larry Mahan]] (1943-), eight time rodeo world champion
* [[Sean Mahan]] (1980–), American Professional Football Player
* [[William Dennes Mahan]] (1824–1906), Presbyterian minister and author of ''The Archko Volume''.

==Given name==
* [[Mahan Mitra]], Indian mathematician

{{given name|type=both}}",Mahan (name),//en.wikipedia.org/wiki/Mahan_(name)
(→‎18th century),unsafe,2605:a000:170a:4868:8d55:ed70:1d65:e0d5,"This is a list of '''years in the United States'''.

==See also==
* [[Outline of United States history]]
{{Timeline of United States history}}
{{North America topic|title=Years in North America|prefix=List of years in}}
{{DEFAULTSORT:Years in the United States, List of}}
[[Category:Years in the United States|Years in the United States]]
[[Category:United States history-related lists]]","This is a list of '''years in the United States'''.

==18th century==
{{years in decade|1770|the United States|first=1776}}
{{years in decade|1780|the United States}}
{{years in decade|1790|the United States}}

==19th century==
{{years in decade|1800|the United States}}
{{years in decade|1810|the United States}}
{{years in decade|1820|the United States}}
{{years in decade|1830|the United States}}
{{years in decade|1840|the United States}}
{{years in decade|1850|the United States}}
{{years in decade|1860|the United States}}
{{years in decade|1870|the United States}}
{{years in decade|1880|the United States}}
{{years in decade|1890|the United States}}

==20th century==
{{years in decade|1900|the United States}}
{{years in decade|1910|the United States}}
{{years in decade|1920|the United States}}
{{years in decade|1930|the United States}}
{{years in decade|1940|the United States}}
{{years in decade|1950|the United States}}
{{years in decade|1960|the United States}}
{{years in decade|1970|the United States}}
{{years in decade|1980|the United States}}
{{years in decade|1990|the United States}}

==21st century==
{{years in decade|2000|the United States}}
{{years in decade|2010|the United States}}
{{years in decade|2020|the United States}}

==See also==
* [[Outline of United States history]]
{{Timeline of United States history}}
{{North America topic|title=Years in North America|prefix=List of years in}}
{{DEFAULTSORT:Years in the United States, List of}}
[[Category:Years in the United States|Years in the United States]]
[[Category:United States history-related lists]]",List of years in the United States,//en.wikipedia.org/wiki/List_of_years_in_the_United_States
Reflist,safe,GünniX,"{{short description|Serbian painter and architect}}
{{Multiple issues|
{{Underlinked|date=October 2019}}
{{unreferenced|date=June 2018}}
}}

'''Leonid Šejka''' (1932–1970) was [[Serbia]]n painter and architect. He was a member and founder of art group Mediala.<ref>{{Cite web|url=https://wsimag.com/art/41084-the-trail-of-mediala|title=The trail of Mediala|date=2018-07-27|website=Wall Street International|language=en|access-date=2020-04-11}}</ref>

Šejka is now regarded as one of Yugoslavia's most original painters who tried to achieve a new objectivity - neither modern nor post-modern - by depicting the contingent object world in a magical space bounded by 'City', the 'Junk Yards', and the 'Castle'.

==References==
{{Reflist}}

==External links==
*[http://www.abladeplaetze.de/sejka.htm About Leonid Šejka]

{{Authority control}}

{{DEFAULTSORT:Sejka, Leonid}}
[[Category:1932 births]]
[[Category:1970 deaths]]
[[Category:Serbian people of Russian descent]]


{{serbia-painter-stub}}","{{short description|Serbian painter and architect}}
{{Multiple issues|
{{Underlinked|date=October 2019}}
{{unreferenced|date=June 2018}}
}}

'''Leonid Šejka''' (1932–1970) was [[Serbia]]n painter and architect. He was a member and founder of art group Mediala.<ref>{{Cite web|url=https://wsimag.com/art/41084-the-trail-of-mediala|title=The trail of Mediala|date=2018-07-27|website=Wall Street International|language=en|access-date=2020-04-11}}</ref>

Šejka is now regarded as one of Yugoslavia's most original painters who tried to achieve a new objectivity - neither modern nor post-modern - by depicting the contingent object world in a magical space bounded by 'City', the 'Junk Yards', and the 'Castle'.

==External links==
*[http://www.abladeplaetze.de/sejka.htm About Leonid Šejka]

{{Authority control}}

{{DEFAULTSORT:Sejka, Leonid}}
[[Category:1932 births]]
[[Category:1970 deaths]]
[[Category:Serbian people of Russian descent]]


{{serbia-painter-stub}}",Leonid Šejka,//en.wikipedia.org/wiki/Leonid_%C5%A0ejka
Added ERC (Enhanced Resource Centers). A florida based BPO and call center.,safe,Jburns0311,"__NOTOC__
The following is a '''list of [[WP:CORP|notable]] [[call centre]] companies''':
* [[Atento]]
* [[Concentrix]]
* [[Conduent]]
* [[Contact Centre Cymru]]
* [[Convergys Corporation]]
* [[Datacom Group]]
* [[DialAmerica]]
*[https://www.ercbpo.com/ ERC (Enhance Resource Centers)]
* [[Firstsource]]
* [[Focus Services]]
* [[Fulcrum Digital]]
* [[Genpact]]
* [[Hinduja Global Solutions]]
* [[InfoCision Management Corporation]]
* [[Inktel Direct]]
* [[iQor]]
* [[Minacs]]
* [[NCO Group]]
* [[One World Direct]]
* [[Qualfon]]
* [[Sitel]]
* [[Sykes Enterprises]]
* [[SupportSave]]
* [[Tech Mahindra]]
* [[Teleperformance]]
* [[Televerde]]
* [[TeleTech]]
* [[TELUS International]]
* [[Transcom WorldWide]]
* [[Ubiquity Global Services]]
* [[United Nearshore Operations]]
* [[WNS Global Services]]
* [[Webhelp]]
* [[Wipro|Wipro Ltd]]

[[Category:Telephony]]
[[Category:Call centre companies]]
[[Category:Telemarketing]]
[[Category:Outsourcing companies]]","__NOTOC__
The following is a '''list of [[WP:CORP|notable]] [[call centre]] companies''':
* [[Atento]]
* [[Concentrix]]
* [[Conduent]]
* [[Contact Centre Cymru]]
* [[Convergys Corporation]]
* [[Datacom Group]]
* [[DialAmerica]]
* [[Firstsource]]
* [[Focus Services]]
* [[Fulcrum Digital]]
* [[Genpact]]
* [[Hinduja Global Solutions]]
* [[InfoCision Management Corporation]]
* [[Inktel Direct]]
* [[iQor]]
* [[Minacs]]
* [[NCO Group]]
* [[One World Direct]]
* [[Qualfon]]
* [[Sitel]]
* [[Sykes Enterprises]]
* [[SupportSave]]
* [[Tech Mahindra]]
* [[Teleperformance]]
* [[Televerde]]
* [[TeleTech]]
* [[TELUS International]]
* [[Transcom WorldWide]]
* [[Ubiquity Global Services]]
* [[United Nearshore Operations]]
* [[WNS Global Services]]
* [[Webhelp]]
* [[Wipro|Wipro Ltd]]

[[Category:Telephony]]
[[Category:Call centre companies]]
[[Category:Telemarketing]]
[[Category:Outsourcing companies]]",List of call centre companies,//en.wikipedia.org/wiki/List_of_call_centre_companies
→‎References:add authority control,safe,Ser Amantio di Nicolao,"'''César Gándara''' is a short story writer and novelist  born in [[Guaymas]], [[Sonora]], [[Mexico]] in 1971. His work focuses on the everyday lives of the people of this area of the world, which often features the Isla del Tiburón, the Gulf of California and its beaches.  His works include Es el viento, El reyno de los niños de Nuevo León and Alguien tiene que perder.<ref name=\"rincones\">{{cite book |editor1-first=Victor Manuel |editor1-last=Jimenez Gonzalez |title=Sonora: Guía para descubrir los encantos del estado |trans-title=Sonora: Guide to discover the charms of the state |year=2010 |publisher=Editorial Océano de Mexico SA de CV |location=Mexico City |language=Spanish |isbn=978-607-400-319-2 |page=16 }}</ref>

==References==
{{reflist}}

{{authority control}}

{{DEFAULTSORT:Gandara, Cesar}}
[[Category:Mexican male writers]]
[[Category:Living people]]
[[Category:1971 births]]
[[Category:Writers from Sonora]]","'''César Gándara''' is a short story writer and novelist  born in [[Guaymas]], [[Sonora]], [[Mexico]] in 1971. His work focuses on the everyday lives of the people of this area of the world, which often features the Isla del Tiburón, the Gulf of California and its beaches.  His works include Es el viento, El reyno de los niños de Nuevo León and Alguien tiene que perder.<ref name=\"rincones\">{{cite book |editor1-first=Victor Manuel |editor1-last=Jimenez Gonzalez |title=Sonora: Guía para descubrir los encantos del estado |trans-title=Sonora: Guide to discover the charms of the state |year=2010 |publisher=Editorial Océano de Mexico SA de CV |location=Mexico City |language=Spanish |isbn=978-607-400-319-2 |page=16 }}</ref>

==References==
{{reflist}}

{{DEFAULTSORT:Gandara, Cesar}}
[[Category:Mexican male writers]]
[[Category:Living people]]
[[Category:1971 births]]
[[Category:Writers from Sonora]]",César Gándara,//en.wikipedia.org/wiki/C%C3%A9sar_G%C3%A1ndara
Reflist,safe,GünniX,"{{Infobox river
| name              = San Fernando River
| image             = 
| image_size        = 
| image_caption     = 
| source1_location  = 
| mouth_location    = 
| subdivision_type1 = Country
| subdivision_name1 = [[Mexico]]
| length            = 
| source1_elevation = 
| mouth_elevation   = 
| discharge1_avg    = 
| basin_size        = 
}}
The '''San Fernando River''' is a river of [[Mexico]].

==See also==
*[[List of longest rivers of Mexico]]
*[[List of rivers of Mexico]]

==References==
{{Reflist}}
*{{Cite web|url=https://web.archive.org/web/20111107163257/http://www.lib.utexas.edu/maps/atlas_mexico/river_basins.jpg|title=Atlas of Mexico – River Basins (Map from book)|last=|first=|year=1975|website=lib.utexas.edu|url-status=live|archive-url=|archive-date=|access-date=}}
*The Prentice Hall American World Atlas, 1984.
*Rand McNally, The New International Atlas, 1993.

{{coord missing|Mexico}}

[[Category:Rivers of Mexico]]


{{Mexico-river-stub}}","{{Infobox river
| name              = San Fernando River
| image             = 
| image_size        = 
| image_caption     = 
| source1_location  = 
| mouth_location    = 
| subdivision_type1 = Country
| subdivision_name1 = [[Mexico]]
| length            = 
| source1_elevation = 
| mouth_elevation   = 
| discharge1_avg    = 
| basin_size        = 
}}
The '''San Fernando River''' is a river of [[Mexico]].

==See also==
*[[List of longest rivers of Mexico]]
*[[List of rivers of Mexico]]

==References==
*Atlas of Mexico, 1975.<ref>{{Cite web|url=https://legacy.lib.utexas.edu/maps/atlas_mexico/river_basins.jpg|title=Map from Book|last=|first=|date=|website=|url-status=live|archive-url=|archive-date=|access-date=}}</ref>
*The Prentice Hall American World Atlas, 1984.
*Rand McNally, The New International Atlas, 1993.

{{coord missing|Mexico}}

[[Category:Rivers of Mexico]]


{{Mexico-river-stub}}",San Fernando River,//en.wikipedia.org/wiki/San_Fernando_River
Reflist,safe,GünniX,"{{Infobox river
| name              = Sarabia River
| image             = 
| image_size        = 
| image_caption     = 
| source1_location  = 
| mouth_location    = 
| subdivision_type1 = Country
| subdivision_name1 = [[Mexico]]
| length            = 
| source1_elevation = 
| mouth_elevation   = 
| discharge1_avg    = 
| basin_size        = 
}}
The '''Sarabia River''' is a river of [[Mexico]].

==See also==
*[[List of rivers of Mexico]].

==References==
{{Reflist}}
*{{Cite web|url=https://web.archive.org/web/20111107163257/http://www.lib.utexas.edu/maps/atlas_mexico/river_basins.jpg|title=Atlas of Mexico – River Basins (Map from book)|last=|first=|year=1975|website=lib.utexas.edu|url-status=live|archive-url=|archive-date=|access-date=}}
*The Prentice Hall American World Atlas, 1984.
*Rand McNally, The New International Atlas, 1993.

{{coord|17.1934|N|94.9229|W|source:kolossus-dewiki|display=title}}

[[Category:Rivers of Mexico]]


{{Mexico-river-stub}}","{{Infobox river
| name              = Sarabia River
| image             = 
| image_size        = 
| image_caption     = 
| source1_location  = 
| mouth_location    = 
| subdivision_type1 = Country
| subdivision_name1 = [[Mexico]]
| length            = 
| source1_elevation = 
| mouth_elevation   = 
| discharge1_avg    = 
| basin_size        = 
}}
The '''Sarabia River''' is a river of [[Mexico]].

==See also==
*[[List of rivers of Mexico]].

==References==
*Atlas of Mexico, 1975.<ref>{{Cite web|url=https://legacy.lib.utexas.edu/maps/atlas_mexico/river_basins.jpg|title=Map from Book|last=|first=|date=|website=|url-status=live|archive-url=|archive-date=|access-date=}}</ref>
*The Prentice Hall American World Atlas, 1984.
*Rand McNally, The New International Atlas, 1993.

{{coord|17.1934|N|94.9229|W|source:kolossus-dewiki|display=title}}

[[Category:Rivers of Mexico]]


{{Mexico-river-stub}}",Sarabia River,//en.wikipedia.org/wiki/Sarabia_River
"",safe,Lovemankind83,"{{Infobox German location
| image_coa         = DEU Beesten COA.png
| coordinates       = {{coord|52|26|N|07|30|E|format=dms|display=inline,title}}
| image_plan        = Beesten in EL.svg
| state             = Niedersachsen
| district          = Emsland
| Samtgemeinde      = Freren
| elevation         = 32
| area              = 25.81
| population        = 1688
| Stand             = 2006-12-31
| postal_code       = 49832
| area_code         = 0 59 05
| licence           = EL
| Gemeindeschlüssel = 03 4 54 003
| mayor             = Werner Achteresch
| party             = [[Christian Democratic Union of Germany| CDU]]
}}

'''Beesten''' is a municipality in the [[Emsland]] district, in [[Lower Saxony]], [[Germany]].

{{Cities and towns in Emsland (district)}}

==References==
{{Reflist}}

{{Authority control}}
[[Category:Emsland]]


{{Emsland-geo-stub}}","{{Infobox German location
| image_coa         = DEU Beesten COA.png
| coordinates       = {{coord|52|26|N|07|30|E|format=dms|display=inline,title}}
| image_plan        = Beesten in EL.svg
| state             = Niedersachsen
| district          = Emsland
| Samtgemeinde      = Freren
| elevation         = 32
| area              = 25.81
| population        = 1688
| Stand             = 2006-12-31
| postal_code       = 49832
| area_code         = 0 59 05
| licence           = EL
| Gemeindeschlüssel = 03 4 54 003
| mayor             = Werner Achteresch
| party             = [[CDU| Christian Democratic Union of Germany]]
}}

'''Beesten''' is a municipality in the [[Emsland]] district, in [[Lower Saxony]], [[Germany]].

{{Cities and towns in Emsland (district)}}

==References==
{{Reflist}}

{{Authority control}}
[[Category:Emsland]]


{{Emsland-geo-stub}}",Beesten,//en.wikipedia.org/wiki/Beesten
→‎References:add authority control,safe,Ser Amantio di Nicolao,"{{Use New Zealand English|date=May 2017}}
'''Charles Fraser''' (c.1823 – 25 August 1886) was a New Zealand minister, educationalist and journalist. He was born in [[Aberdeen]], [[Aberdeenshire]], Scotland in c.1823.<ref name=\"DNZB Fraser\">{{DNZB|title=Charles Fraser|first= Ian|last= Breward|id=1f17|accessdate=23 April 2017}}</ref>

==References==
{{Reflist}}

{{Use dmy dates|date=April 2017}}


{{authority control}}

{{DEFAULTSORT:Fraser, Charles}}
[[Category:1823 births]]
[[Category:1886 deaths]]
[[Category:New Zealand educators]]
[[Category:New Zealand journalists]]
[[Category:People from Aberdeen]]
[[Category:19th-century journalists]]
[[Category:Male journalists]]
[[Category:Scottish emigrants to New Zealand]]
[[Category:19th-century male writers]]


{{NewZealand-reli-bio-stub}}
{{NewZealand-journalist-stub}}","{{Use New Zealand English|date=May 2017}}
'''Charles Fraser''' (c.1823 – 25 August 1886) was a New Zealand minister, educationalist and journalist. He was born in [[Aberdeen]], [[Aberdeenshire]], Scotland in c.1823.<ref name=\"DNZB Fraser\">{{DNZB|title=Charles Fraser|first= Ian|last= Breward|id=1f17|accessdate=23 April 2017}}</ref>

==References==
{{Reflist}}

{{Use dmy dates|date=April 2017}}

{{DEFAULTSORT:Fraser, Charles}}
[[Category:1823 births]]
[[Category:1886 deaths]]
[[Category:New Zealand educators]]
[[Category:New Zealand journalists]]
[[Category:People from Aberdeen]]
[[Category:19th-century journalists]]
[[Category:Male journalists]]
[[Category:Scottish emigrants to New Zealand]]
[[Category:19th-century male writers]]


{{NewZealand-reli-bio-stub}}
{{NewZealand-journalist-stub}}",Charles Fraser (minister),//en.wikipedia.org/wiki/Charles_Fraser_(minister)
Cleaned up usingAutoEd,safe,Revirvlkodlaku,"{{short description|Genus of plants}}
'''''Kochia''''' {{IPAc-en|ˈ|k|oʊ|k|i|ə}}<ref>''Sunset Western Garden Book,'' 1995:606–607</ref> is a synonym of the [[genus]] ''[[Bassia]]'', which belongs to the subfamily [[Camphorosmoideae]] of family [[Amaranthaceae]].<ref name=\"kadereit\">Gudrun Kadereit & Helmut Freitag: ''Molecular phylogeny of Camphorosmeae (Camphorosmoideae, Chenopodiaceae): Implications for biogeography, evolution of C4-photosynthesis and taxonomy'', In: ''Taxon'', Volume 60 (1), 2011, p. 51-78.</ref>

Two American species traditionally included in ''Kochia'' are now in genus ''[[Neokochia]]'': ''[[Neokochia americana]]'' and ''[[Neokochia californica]]''.

==References==
{{Reflist}}

[[Category:Amaranthaceae]]
[[Category:Kochia| ]]
[[Category:Historically recognized angiosperm genera]]","{{short description|Genus of plants}}
'''''Kochia''''' {{IPAc-en|ˈ|k|oʊ|k|i|ə}}<ref>''Sunset Western Garden Book,'' 1995:606–607</ref> is a synonym of the [[genus]] ''[[Bassia]]'', that belongs to the subfamily [[Camphorosmoideae]] of family [[Amaranthaceae]].<ref name=\"kadereit\">Gudrun Kadereit & Helmut Freitag: ''Molecular phylogeny of Camphorosmeae (Camphorosmoideae, Chenopodiaceae): Implications for biogeography, evolution of C4-photosynthesis and taxonomy'', In: ''Taxon'', Volume 60 (1), 2011, p. 51-78.</ref>

Two American species traditionally included in ''Kochia'' are now in genus ''[[Neokochia]]'': ''[[Neokochia americana]]'' and ''[[Neokochia californica]]''.

==References==
{{Reflist}}

[[Category:Amaranthaceae]]
[[Category:Kochia| ]]
[[Category:Historically recognized angiosperm genera]]",Kochia,//en.wikipedia.org/wiki/Kochia
Added a description of the cactus,safe,Rpgrogan,"{{Speciesbox
|image = Gymnocalycium uruguayense 1.JPG
|genus = Gymnocalycium
|species = uruguayense
|authority = (Arechav.) Britton & Rose 1922
|synonyms =
}}

'''''Gymnocalycium uruguayense''''' is a [[species]] of ''[[Gymnocalycium]]'' from Brazil and Uruguay.<ref>{{cite web|url=http://www.tropicos.org/Name/50174768|title= Gymnocalycium uruguayense in Tropicos}}</ref>

== Description ==
Gymnocalycium uruguayense is a type of thin cactus. This cactus has a rounded, bulbous body which is low to the ground.

==References==
{{reflist}}

==External links==
* {{commonscat-inline|Gymnocalycium hyptiacanthum subsp. uruguayense}}
* {{wikispecies-inline|Gymnocalycium uruguayense|''Gymnocalycium uruguayense''}}

{{Taxonbar|from=Q1558410}}

[[Category:Gymnocalycium|uruguayense]]
[[Category:Flora of Uruguay]]
[[Category:Plants described in 1922]]

{{Cactus-stub}}","{{Speciesbox
|image = Gymnocalycium uruguayense 1.JPG
|genus = Gymnocalycium
|species = uruguayense
|authority = (Arechav.) Britton & Rose 1922
|synonyms =
}}

'''''Gymnocalycium uruguayense''''' is a [[species]] of ''[[Gymnocalycium]]'' from Brazil and Uruguay.<ref>{{cite web|url=http://www.tropicos.org/Name/50174768|title= Gymnocalycium uruguayense in Tropicos}}</ref>

==References==
{{reflist}}

==External links==
* {{commonscat-inline|Gymnocalycium hyptiacanthum subsp. uruguayense}}
* {{wikispecies-inline|Gymnocalycium uruguayense|''Gymnocalycium uruguayense''}}

{{Taxonbar|from=Q1558410}}

[[Category:Gymnocalycium|uruguayense]]
[[Category:Flora of Uruguay]]
[[Category:Plants described in 1922]]

{{Cactus-stub}}",Gymnocalycium uruguayense,//en.wikipedia.org/wiki/Gymnocalycium_uruguayense
linked place references,safe,Nayokali Lakimibasas,"'''St John's  University''' may refer to:

*[[St. John's University (New York City)]]
**[[St. John's University School of Law]]
**[[St. John's University (Italy)]] - Overseas Campus
*[[College of Saint Benedict and Saint John's University]], [[St. Joseph, Minnesota]] and [[Collegeville, Minnesota]]
*[[St. John's University, Shanghai]] (1887–1952)
*[[St. John's University (Taiwan)]], successor institution of the Shanghai university
*[[St. John's University (Springfield, Louisiana)]], an unaccredited institution
*[[St. John's University of Tanzania]], [[Dodoma]]
*[[St. John's University School of Medicine]], unaccredited medical school supposedly based in [[Montserrat]]
*[[Saint John's Group of Schools and University]]

== See also ==
*[[Saint John's College (disambiguation)]]

{{schooldis}}","'''St John's  University''' may refer to:

*[[St. John's University (New York City)]]
**[[St. John's University School of Law]]
**[[St. John's University (Italy)]] - Overseas Campus
*[[College of Saint Benedict and Saint John's University]], St. Joseph, Minnesota and Collegeville, Minnesota
*[[St. John's University, Shanghai]] (1887–1952)
*[[St. John's University (Taiwan)]], successor institution of the Shanghai university
*[[St. John's University (Springfield, Louisiana)]], an unaccredited institution
*[[St. John's University of Tanzania]], Dodoma
*[[St. John's University School of Medicine]], unaccredited medical school supposedly based in Montserrat
*[[Saint John's Group of Schools and University]]

== See also ==
*[[Saint John's College (disambiguation)]]

{{schooldis}}",Saint John's University,//en.wikipedia.org/wiki/Saint_John%27s_University
→‎Selected filmography:add authority control,safe,Ser Amantio di Nicolao,"{{unreferenced|date=December 2019}}
{{Expand Spanish|Claudio de la Torre|date=November 2011}}
[[File:Claudio de la Torre.JPG|thumb|right|Claudio de la Torre]]
'''Claudio de la Torre''' (October 30, 1895 - January 10, 1973) was a [[Spain|Spanish]] novelist, poet, dramatist and film director. He was the brother of acclaimed poet and actress [[Josefina de la Torre]].

==Selected filmography==
* ''[[When Do You Commit Suicide? (1932 film)|When Do You Commit Suicide?]]'' (1932)
* ''[[The White Dove (1942 film)|The White Dove]]'' (1942)


{{authority control}}

{{DEFAULTSORT:Torre, Claudio de la}}
[[Category:1895 births]]
[[Category:1973 deaths]]
[[Category:Spanish male writers]]
[[Category:Spanish male actors]]


{{Spain-writer-stub}}","{{unreferenced|date=December 2019}}
{{Expand Spanish|Claudio de la Torre|date=November 2011}}
[[File:Claudio de la Torre.JPG|thumb|right|Claudio de la Torre]]
'''Claudio de la Torre''' (October 30, 1895 - January 10, 1973) was a [[Spain|Spanish]] novelist, poet, dramatist and film director. He was the brother of acclaimed poet and actress [[Josefina de la Torre]].

==Selected filmography==
* ''[[When Do You Commit Suicide? (1932 film)|When Do You Commit Suicide?]]'' (1932)
* ''[[The White Dove (1942 film)|The White Dove]]'' (1942)

{{DEFAULTSORT:Torre, Claudio de la}}

[[Category:1895 births]]
[[Category:1973 deaths]]
[[Category:Spanish male writers]]
[[Category:Spanish male actors]]
{{Spain-writer-stub}}",Claudio de la Torre (writer),//en.wikipedia.org/wiki/Claudio_de_la_Torre_(writer)
"",safe,V Dimitrova,"[[File:Rousse-architecture5.jpg|right|thumb|[[Rousse]] in [[Bulgaria]] is one of the cities deemed the \"Little Vienna\" for its architecture]]
[[File:Ruse, Bulgaria - panoramio.jpg|thumb|Ruse/Rousse, Bulgaria]]
'''Little Vienna''' may refer to the numerous towns that closely resemble the architecture of the [[Austria]]n capital of [[Vienna]]:
* [[Bielsko-Biała]], a city in Poland
* [[Cieszyn]], a city in Poland
* [[Chernivtsi]], a city in Ukraine
* [[Lviv]], a city in Ukraine
* [[Ruse, Bulgaria|Ruse]], a city in Bulgaria.
* [[Sumperk]], a city in Czech republic
* [[Timișoara]], a city in Romania
* [[Varaždin]], a city in Croatia
* [[Hongkou District]], a district in Shanghai, China


==References==
{{Reflist}}
{{geodis}}

[[Category:Lists of city nicknames|Little Vienna]]","[[File:Rousse-architecture5.jpg|right|thumb|[[Rousse]] in [[Bulgaria]] is one of the cities deemed the \"Little Vienna\" for its architecture]]
'''Little Vienna''' may refer to the numerous towns that closely resemble the architecture of the [[Austria]]n capital of [[Vienna]]:
* [[Bielsko-Biała]], a city in Poland
* [[Cieszyn]], a city in Poland
* [[Chernivtsi]], a city in Ukraine
* [[Lviv]], a city in Ukraine
* [[Ruse, Bulgaria|Ruse]], a city in Bulgaria.
* [[Sumperk]], a city in Czech republic
* [[Timișoara]], a city in Romania
* [[Varaždin]], a city in Croatia
* [[Hongkou District]], a district in Shanghai, China


==References==
{{Reflist}}
{{geodis}}

[[Category:Lists of city nicknames|Little Vienna]]",Little Vienna,//en.wikipedia.org/wiki/Little_Vienna
"",vandal,41.114.255.122,"{{Taxobox
| image =
| regnum = [[Animal]]ia
| phylum = [[Arthropod]]a
| classis = [[Insect]]a
| ordo = [[Lepidoptera]]
| familia = [[Noctuidae]]
| genus = ''Gomora ''
}}
'''''Gomora ''''' is a [[genus]] of [[moth]]s of the family [[Noctuidae]].jgomora is the most awesome show ever

==References==
*[http://www.nhm.ac.uk/jdsml/research-curation/projects/butmoth/GenusList3.dsml?searchPageURL=index.dsml&SUPERFAMIL=&FAMILYqtype=starts+with&FAMILY=noctuidae&SUBFAMILYqtype=starts+with&SUBFAMILY=&TRIBEqtype=starts+with&TRIBE=&SUBTRIBEqtype=starts+with&SUBTRIBE=&GENUSqtype=starts+with&GENUS=&AUTHORqtype=starts+with&AUTHOR=&YEARqtype=equals&YEAR=&sort=GENUS Natural History Museum Lepidoptera genus database]

{{Taxonbar|from=Q5581240}}

[[Category:Calpinae]]


{{Calpinae-stub}}","{{Taxobox
| image =
| regnum = [[Animal]]ia
| phylum = [[Arthropod]]a
| classis = [[Insect]]a
| ordo = [[Lepidoptera]]
| familia = [[Noctuidae]]
| genus = ''Gomora ''
}}
'''''Gomora ''''' is a [[genus]] of [[moth]]s of the family [[Noctuidae]].

==References==
*[http://www.nhm.ac.uk/jdsml/research-curation/projects/butmoth/GenusList3.dsml?searchPageURL=index.dsml&SUPERFAMIL=&FAMILYqtype=starts+with&FAMILY=noctuidae&SUBFAMILYqtype=starts+with&SUBFAMILY=&TRIBEqtype=starts+with&TRIBE=&SUBTRIBEqtype=starts+with&SUBTRIBE=&GENUSqtype=starts+with&GENUS=&AUTHORqtype=starts+with&AUTHOR=&YEARqtype=equals&YEAR=&sort=GENUS Natural History Museum Lepidoptera genus database]

{{Taxonbar|from=Q5581240}}

[[Category:Calpinae]]


{{Calpinae-stub}}",Gomora (moth),//en.wikipedia.org/wiki/Gomora_(moth)
"",unsafe,2600:1700:30c1:a10:88d3:1565:78ba:7524,"'''Carl''' may refer to:
An awesome person who edits wikipedia

*[[Carl, West Virginia]], an unincorporated community
*[[Carl (name)]], includes info about the name, variations of the name, and a list of people with the name
*[[Carl²]], a TV series
* \"Carl\", [[List of Aqua Teen Hunger Force episodes|an episode]] of television series ''Aqua Teen Hunger Force''
* An informal nickname for a student or alum of [[Carleton College]]

'''CARL''' may refer to:
*[[Canadian Association of Research Libraries]]
*[[Colorado Alliance of Research Libraries]]

==See also==
{{srt}}
*[[Charles]]
*[[Carle]], a surname
*[[Karl (disambiguation)]]
*[[Karle (disambiguation)]]

{{disambig}}

[[ja:カール]]
[[zh:卡尔]]","'''Carl''' may refer to:
*[[Carl, Georgia]], city in USA
*[[Carl, West Virginia]], an unincorporated community
*[[Carl (name)]], includes info about the name, variations of the name, and a list of people with the name
*[[Carl²]], a TV series
* \"Carl\", [[List of Aqua Teen Hunger Force episodes|an episode]] of television series ''Aqua Teen Hunger Force''
* An informal nickname for a student or alum of [[Carleton College]]

'''CARL''' may refer to:
*[[Canadian Association of Research Libraries]]
*[[Colorado Alliance of Research Libraries]]

==See also==
{{srt}}
*[[Charles]]
*[[Carle]], a surname
*[[Karl (disambiguation)]]
*[[Karle (disambiguation)]]

{{disambig}}

[[ja:カール]]
[[zh:卡尔]]",Carl,//en.wikipedia.org/wiki/Carl
